{"SMAPE": 22.9647259508929, "Best Parameters": {"n_input": 4, "n_epochs": 500, "layer": 2, "units": [200, 100], "dropout_rate": 0.10872831539606237, "smoothing_method": "exponential", "alpha": 0.10159164790766768, "beta": 0.768024823166528}}