{"SMAPE": 16.2965137138693, "Best Parameters": {"n_input": 1, "n_epochs": 500, "layer": 1, "units": [16], "dropout_rate": 0.12947155345450245, "smoothing_method": "double_exponential", "alpha": 0.20614259497691886, "beta": 0.11165257167528582}}