{"SMAPE": 20.786781416957055, "Best Parameters": {"n_input": 3, "n_epochs": 400, "layer": 1, "units": [16], "dropout_rate": 0.11140680027798061, "smoothing_method": "exponential", "alpha": 0.20722438300343582, "beta": 0.41315357585522805}}