{"SMAPE": 117.00101894479234, "Best Parameters": {"n_input": 9, "n_epochs": 300, "layer": 3, "units": [200, 100, 100], "dropout_rate": 0.11659827785530329, "smoothing_method": "exponential", "alpha": 0.21012036803614376, "beta": 0.5402446590680073}}