{"SMAPE": 36.48891763267453, "Best Parameters": {"n_input": 8, "n_epochs": 100, "layer": 2, "units": [200, 100], "dropout_rate": 0.1248370962567726, "smoothing_method": "exponential", "alpha": 0.152065430450659, "beta": 0.45657077774992116}}