{"SMAPE": 13.754357447049138, "Best Parameters": {"n_input": 6, "n_epochs": 500, "layer": 2, "units": [100, 100], "dropout_rate": 0.1023695847928755, "smoothing_method": "exponential", "alpha": 0.14861012819411662, "beta": 0.12790014379426895}}